,username,to,text,retweets,favorites,replies,id,permalink,author_id,date,formatted_date,hashtags,mentions,geo,urls
0,mjkroslin,,Lmfao so hand sanitizer is sold out in almost all of Denmark cus of corona virus panic. Bitchhhhh I’m stealing a ton from work today,0,0,0,1233374063487266818,https://twitter.com/mjkroslin/status/1233374063487266818,18733714,2020-02-28 12:51:06+00:00,Fri Feb 28 12:51:06 +0000 2020,,,,
1,sebdor,,"Messer bliver lukket og rejser frarådes: Vi mangler bare at sprede rygtet om at Corona-virus spredes gennem bilkabiner, så er den det bedste, der er sket for klimaet i årevis.",0,3,0,1233373019248250880,https://twitter.com/sebdor/status/1233373019248250880,23944317,2020-02-28 12:46:57+00:00,Fri Feb 28 12:46:57 +0000 2020,,,,
2,TraubertTom,,"Yo iría apostando 5 euritos a que la palabra del año para la @fundeu será ""coronavirus"".",0,0,0,1233371522070466562,https://twitter.com/TraubertTom/status/1233371522070466562,1232046022093934595,2020-02-28 12:41:00+00:00,Fri Feb 28 12:41:00 +0000 2020,,@Fundeu,,
3,Nandeette,,Solo falta que este año Incubus vuelva a cancelar por el corona virus ,0,0,0,1233371341799198720,https://twitter.com/Nandeette/status/1233371341799198720,49225988,2020-02-28 12:40:17+00:00,Fri Feb 28 12:40:17 +0000 2020,,,,
4,vaccinationDK,,Pressemeddelelse: Info om Corona Covid-19 virus samt behandlingsprotokol! Sendt til DK-pressen samt sundhedsstyrelsen. Mvh Vaccinationsforum. @kristeligt @ebbreaking @btdk @tv2danmark @dr2tv @DRBreaking @informeren @tv2newsdk @DRNyheder @berlingske @jyllandsposten @politiken,0,0,0,1233370948725878784,https://twitter.com/vaccinationDK/status/1233370948725878784,1126877508442443776,2020-02-28 12:38:43+00:00,Fri Feb 28 12:38:43 +0000 2020,,@kristeligt @ebbreaking @btdk @tv2danmark @dr2tv @DRBreaking @informeren @tv2newsdk @DRNyheder @berlingske @jyllandsposten @politiken,,
5,mariam_zakarian,mariam_zakarian,"Referring to the Corona virus, of course.",0,0,0,1233370655250427904,https://twitter.com/mariam_zakarian/status/1233370655250427904,28774126,2020-02-28 12:37:33+00:00,Fri Feb 28 12:37:33 +0000 2020,,,,
6,bolddk,,Coronavirus aflyser alle kampe i Schweiz https://www.bold.dk/fodbold/nyheder/coronavirus-aflyser-alle-kampe-i-schweiz/ #SuperLeague #ChallengeLeague,0,0,0,1233370018437640192,https://twitter.com/bolddk/status/1233370018437640192,102153075,2020-02-28 12:35:01+00:00,Fri Feb 28 12:35:01 +0000 2020,#SuperLeague #ChallengeLeague,,,https://www.bold.dk/fodbold/nyheder/coronavirus-aflyser-alle-kampe-i-schweiz/
7,mariam_zakarian,,"2002, China, SARS 2003, China, bird flu 2009, Mexico, swine flu 2012, Saudi Arabia, MERS (Corona) 2014, West Africa, Ebola 2015, Brazil, Zika-virus 2019, China, Corona virus #COVID2019 #FactsMatter",1,0,1,1233368505925488642,https://twitter.com/mariam_zakarian/status/1233368505925488642,28774126,2020-02-28 12:29:01+00:00,Fri Feb 28 12:29:01 +0000 2020,#COVID2019 #FactsMatter,,,
8,HerlevPortal,,Coronavirus https://ift.tt/2vddT7P,0,0,0,1233367821792489473,https://twitter.com/HerlevPortal/status/1233367821792489473,2589290384,2020-02-28 12:26:18+00:00,Fri Feb 28 12:26:18 +0000 2020,,,,https://ift.tt/2vddT7P
9,tipsbladet,,Schweiziske kampe udskydes af frygt for coronavirus ,0,0,0,1233367545757011971,https://twitter.com/tipsbladet/status/1233367545757011971,19444073,2020-02-28 12:25:12+00:00,Fri Feb 28 12:25:12 +0000 2020,,,,https://www.tipsbladet.dk/nyhed/generelle/schweiziske-kampe-udskydes-af-frygt-coronavirus
10,MaMoMVPY,,So do I: Ex-Fed Governor Warsh sees coordinated global central bank action soon in response to coronavirus ,1,1,0,1233364611015073793,https://twitter.com/MaMoMVPY/status/1233364611015073793,265386907,2020-02-28 12:13:32+00:00,Fri Feb 28 12:13:32 +0000 2020,,,,https://www.cnbc.com/2020/02/28/ex-fed-governor-warsh-sees-coordinated-global-central-bank-action-soon-in-response-to-coronavirus.html?__source=sharebar|twitter&par=sharebar
11,tv2newsdk,,Sundhedsstyrelsen advarer - coronavirus kan udvikle sig til pandemi http://nyheder.tv2.dk/2020-02-28-sundhedsstyrelsen-advarer-coronavirus-kan-udvikle-sig-til-pandemi?cid=_soco%3Atw%3A4%3Anews%3A%3A%3A,2,1,0,1233362602274635777,https://twitter.com/tv2newsdk/status/1233362602274635777,44584428,2020-02-28 12:05:33+00:00,Fri Feb 28 12:05:33 +0000 2020,,,,http://nyheder.tv2.dk/2020-02-28-sundhedsstyrelsen-advarer-coronavirus-kan-udvikle-sig-til-pandemi?cid=_soco%3Atw%3A4%3Anews%3A%3A%3A
12,orl_and,,"...just had a freelance/consultant request about a company interested in... and I quote ""European Manufacturing #coronavirus impact"" Oh!",0,2,0,1233360747045978112,https://twitter.com/orl_and/status/1233360747045978112,226874885,2020-02-28 11:58:11+00:00,Fri Feb 28 11:58:11 +0000 2020,#coronavirus,,,
13,stenvesterli,,"Hey economists, remember homo economicus, the rational person all your models depend on? Have a look at the #coronavirus scare and tell me how much rational decision-taking you detect...",0,1,0,1233358170791260163,https://twitter.com/stenvesterli/status/1233358170791260163,9771332,2020-02-28 11:47:57+00:00,Fri Feb 28 11:47:57 +0000 2020,#coronavirus,,,
14,Wirlander,,"Nu hvor det var så skide sjovt at lave det kiniske flag med Corona virus på, skal vi så ikke også lave en version af det danske flag også, HVA @DanskDf1995? For i ved... ytringsfrihed og sådan. Det er jo så sjovt!",0,20,4,1233354946986348546,https://twitter.com/Wirlander/status/1233354946986348546,195678379,2020-02-28 11:35:08+00:00,Fri Feb 28 11:35:08 +0000 2020,,@DanskDf1995,,
15,JonasPerssonNT,,Det här verkar ju vara normalt ? http://www.centerforhealthsecurity.org/event201/ #coronavirus,0,0,0,1233354060272717824,https://twitter.com/JonasPerssonNT/status/1233354060272717824,1117331836038995968,2020-02-28 11:31:37+00:00,Fri Feb 28 11:31:37 +0000 2020,#coronavirus,,,http://www.centerforhealthsecurity.org/event201/
16,TraubertTom,,"El cuñao del coronavirus diciendo ""anda, quita, que no sabes extinguir la humanidad"".",0,0,0,1233354030375743489,https://twitter.com/TraubertTom/status/1233354030375743489,1232046022093934595,2020-02-28 11:31:30+00:00,Fri Feb 28 11:31:30 +0000 2020,,,,
17,MLBarrett15,,"Norway now has four confirmed cases, but all came from infections abroad. Therefore, no ""ongoing spread"" inside the country, says public health institute/Folkehelseinstituttet #coronavirus ",5,2,0,1233353046257737729,https://twitter.com/MLBarrett15/status/1233353046257737729,1321970838,2020-02-28 11:27:35+00:00,Fri Feb 28 11:27:35 +0000 2020,#coronavirus,,,https://www.thelocal.no/20200228/norway-confirms-three-new-coronavirus-cases-all-from-infections-aborad
18,BroendbyPortal,,"Sådan forholder vi os til corona-virus i Brøndby Kommune Brøndby Kommune følger sundhedsmyndighedernes anvisninger nøje. Alle skoler, institutioner, plejehjem mv. fungerer som normalt. Læs her, hvordan vi forholder os til situationen. https://ift.tt/2T4M8ay",0,0,0,1233352703746637825,https://twitter.com/BroendbyPortal/status/1233352703746637825,2698531644,2020-02-28 11:26:13+00:00,Fri Feb 28 11:26:13 +0000 2020,,,,https://ift.tt/2T4M8ay
19,johannsenErling,RStoklund,Er du nervøs for at de har corona virus? Eller er du imod demokratiet? Eller accepterer du ikke personer med anden opfattelse end din? Så er det nok ikke nemt at bo i et land med en grundlov der giver ytringsfrihed!,0,0,0,1233350791869730816,https://twitter.com/johannsenErling/status/1233350791869730816,3390783003,2020-02-28 11:18:37+00:00,Fri Feb 28 11:18:37 +0000 2020,,,,
20,jonasholmdk,,"Endnu engang kæmpe respekt for den måde @SSTSundhed håndterer og kommunikerer om coronavirus på. Åbent, sagligt og ansvarligt ",0,11,1,1233350502370435072,https://twitter.com/jonasholmdk/status/1233350502370435072,16318039,2020-02-28 11:17:28+00:00,Fri Feb 28 11:17:28 +0000 2020,,@SSTSundhed,,
21,SSTSundhed,,"- vi er ikke overraskede over, at vi har fået det første tilfælde med smitte med #coronavirus i DK, siger ⁦@SSTbrostrom⁩",0,3,0,1233348095964057601,https://twitter.com/SSTSundhed/status/1233348095964057601,952875552632864768,2020-02-28 11:07:55+00:00,Fri Feb 28 11:07:55 +0000 2020,#coronavirus,@SSTbrostrom,,
22,SSTSundhed,,Pressekonference i ⁦@SSTSundhed⁩ - pæn interesse for nyt om #coronavirus #dkmedier,2,4,0,1233347440998338561,https://twitter.com/SSTSundhed/status/1233347440998338561,952875552632864768,2020-02-28 11:05:19+00:00,Fri Feb 28 11:05:19 +0000 2020,#coronavirus #dkmedier,@SSTSundhed,,
23,veloropa,,Gregaard fanget i Abu-Dhabi: Corona-virus special https://audioboom.com/posts/7517517-gregaard-fanget-i-abu-dhabi-corona-virus-special via @Audioboom,0,5,0,1233346956497444864,https://twitter.com/veloropa/status/1233346956497444864,620160167,2020-02-28 11:03:23+00:00,Fri Feb 28 11:03:23 +0000 2020,,@Audioboom,,https://audioboom.com/posts/7517517-gregaard-fanget-i-abu-dhabi-corona-virus-special
24,veloropa,,"Få et indblik i, hvordan det er at være lukket ind på et hotel i Abu Dhabi, når man egentlig helst bare vil køre cykelløb. #veloropapodcast special med dugfriskt @JonasGwilsly-interview om seneste udvikling i UAE Tour #coronavirus-sagen. ",1,7,0,1233346411372175360,https://twitter.com/veloropa/status/1233346411372175360,620160167,2020-02-28 11:01:13+00:00,Fri Feb 28 11:01:13 +0000 2020,#veloropapodcast #coronavirus,@JonasGwilsly,,https://soundcloud.com/veloropa/93-gregaard-fanget-i-abu-dhabi-corona-virus-special
25,Sonderholm,,Forskere: Vi har en vaccine mod coronavirus om få uger ,0,0,0,1233345387668410369,https://twitter.com/Sonderholm/status/1233345387668410369,1260209276,2020-02-28 10:57:09+00:00,Fri Feb 28 10:57:09 +0000 2020,,,,https://jp.dk/d?id=11972416
26,GraffTommy,,Novavax Begins Animal Testing for Coronavirus Vaccine Candidate #aktie #dkbiz ⁦@Sqwii⁩ - håbet lever. ,0,0,0,1233344574996783104,https://twitter.com/GraffTommy/status/1233344574996783104,514257592,2020-02-28 10:53:55+00:00,Fri Feb 28 10:53:55 +0000 2020,#aktie #dkbiz,@Sqwii,,https://www.thestreet.com/investing/novavax-coronavirus-vaccine-testing-animals?puc=yahoo&cm_ven=YAHOO&yptr=yahoo
27,MonaEbdrup,,This new global situation with the Corona virus is NOT an invitation to be racist.,0,0,0,1233342495444099073,https://twitter.com/MonaEbdrup/status/1233342495444099073,76951053,2020-02-28 10:45:39+00:00,Fri Feb 28 10:45:39 +0000 2020,,,,
28,Bjorn_Sillemann,,"Dentsu Group, Japanese international advertising and public relations company largely invested in the Olympics, takes a huge beating on the stock market these days as risk of cancelled Olympics increase #Japan #Coronavirus ",1,0,0,1233338133992878082,https://twitter.com/Bjorn_Sillemann/status/1233338133992878082,740441643350917122,2020-02-28 10:28:20+00:00,Fri Feb 28 10:28:20 +0000 2020,#Japan #Coronavirus,,,
29,GlostrupPortal,,Sådan forholder vi os til coronavirus i Glostrup Kommune https://ift.tt/2T5YM94,0,0,0,1233337410173513728,https://twitter.com/GlostrupPortal/status/1233337410173513728,2611827456,2020-02-28 10:25:27+00:00,Fri Feb 28 10:25:27 +0000 2020,,,,https://ift.tt/2T5YM94
30,HeyHGC,,How to wear the protective mask...amuzing video with @WHO 's Dr. Seto Wing Hong #coronavirus #HealthTech #health https://www.instagram.com/tv/B9GqyYuh8O8/?igshid=140zbvg5fejk4,0,1,0,1233337322617397248,https://twitter.com/HeyHGC/status/1233337322617397248,29020815,2020-02-28 10:25:06+00:00,Fri Feb 28 10:25:06 +0000 2020,#coronavirus #HealthTech #health,@WHO,,https://www.instagram.com/tv/B9GqyYuh8O8/?igshid=140zbvg5fejk4
31,TaarnbyPortal,,"Kommunens sundhedsberedskab er aktiveret Som følge af at der også i Danmark er konstateret tilfælde af Corona-virus, har Tårnby Kommune aktiveret sundhedsberedskabet ",0,0,0,1233337141847040000,https://twitter.com/TaarnbyPortal/status/1233337141847040000,2700811825,2020-02-28 10:24:23+00:00,Fri Feb 28 10:24:23 +0000 2020,,,,https://ift.tt/3ciJghG
32,Sylien_,,"Apparently, the coronavirus is being prepared for really well in my nearby hospitals. The infectious diseases department is pretty damn ready with their hazmat suits, several wards have been cleared for quarantined sick, and all of this is really rather comforting. Professionals!",0,3,1,1233337076600496128,https://twitter.com/Sylien_/status/1233337076600496128,108104633,2020-02-28 10:24:08+00:00,Fri Feb 28 10:24:08 +0000 2020,,,,
33,tipsbladet,,Frygter coronavirus: Newcastle forbyder håndtryk #pldk,0,0,0,1233333560494428160,https://twitter.com/tipsbladet/status/1233333560494428160,19444073,2020-02-28 10:10:09+00:00,Fri Feb 28 10:10:09 +0000 2020,#pldk,,,https://www.tipsbladet.dk/nyhed/premier-league/frygter-coronavirus-newcastle-forbyder-haandtryk
34,graNzalesCSGO,,"Hej Danmarks Radio, Når I kan nævne, at man kan dø af Coronavirus, hvorfor nævner I så ikke, at man også kan dø af almindelig influenza? I skrev selv en artikel i år 2018, hvor 1.644 danskere døde af influenza. https://www.dr.dk/nyheder/indland/1644-danskere-doede-af-lang-og-haard-influenzasaeson?fbclid=IwAR28IUkHnnAo0iMS-bEIGnkuD94NqsDHM1EQxarCSAeGf9dWBfT8BV1s2rA Det virker som en skræmmekampagne... ",1,6,1,1233333510024433664,https://twitter.com/graNzalesCSGO/status/1233333510024433664,2829668272,2020-02-28 10:09:57+00:00,Fri Feb 28 10:09:57 +0000 2020,,,,https://www.dr.dk/nyheder/indland/1644-danskere-doede-af-lang-og-haard-influenzasaeson?fbclid=IwAR28IUkHnnAo0iMS-bEIGnkuD94NqsDHM1EQxarCSAeGf9dWBfT8BV1s2rA
35,rp_nielsen,WSJ,"HAHAHAHAA!! The west propably released the #corona virus into China in the first place, and certainly has been using it to stir paranoia and anti-china sentiments, to hit China financially, as a move in the #TradeWar.. Now it's comming back to bite their own asses.. #karma!!",0,0,1,1233332135899074565,https://twitter.com/rp_nielsen/status/1233332135899074565,848086621488631808,2020-02-28 10:04:30+00:00,Fri Feb 28 10:04:30 +0000 2020,#corona #TradeWar #karma,,,https://twitter.com/WSJ/status/1231950235016089600
36,kaldMlGmads,transceiverfreq,"Coronavirus tråd, sober og faktuel ",0,1,0,1233331898199498754,https://twitter.com/kaldMlGmads/status/1233331898199498754,808713787650048000,2020-02-28 10:03:33+00:00,Fri Feb 28 10:03:33 +0000 2020,,,,https://twitter.com/transceiverfreq/status/1224370982032433164
37,Bo_Sandberg,,"SO MUCH LAST YEAR: Midt i et blodrødt aktiemarked& #dkpol tiltag mod #coronavirus,der også vil bremse #dkbiz aktivitet,er det svært at holde fokus på 2019,men iflg.@DSTdk&amp; @DanskByggeri var #dkøko teflonøkonomien i 2019 bomstærk med+2,2% vækst,og nu fem år i træk med &gt;2% BNPvækst",2,3,0,1233326355577741312,https://twitter.com/Bo_Sandberg/status/1233326355577741312,2190468980,2020-02-28 09:41:31+00:00,Fri Feb 28 09:41:31 +0000 2020,#dkpol #coronavirus #dkbiz #dk,@DSTdk @DanskByggeri,,
38,JohnErikWagner,,På grund af coronavirus afskaffes håndtrykket i Danmark for statsborgerskab. Med Heil Danmark. ,0,0,0,1233321774210785280,https://twitter.com/JohnErikWagner/status/1233321774210785280,1910212650,2020-02-28 09:23:19+00:00,Fri Feb 28 09:23:19 +0000 2020,,,,
39,Tuffmann,,"Gode råd, hvis du er bekymret for at få coronavirus: Gør som ved forkølelse, undgå tæt kontakt med personer, som f.eks. hoster, og vask dine hænder. Med andre ord: Brug din sunde fornuft og lev livet som normalt - uden ansigtsmaske http://bit.ly/3chQB12 #dksundhed #dkvid",0,3,0,1233320985564241921,https://twitter.com/Tuffmann/status/1233320985564241921,2421755426,2020-02-28 09:20:11+00:00,Fri Feb 28 09:20:11 +0000 2020,#dksundhed #dkvid,,,http://bit.ly/3chQB12
40,frlass,,"Nu har jeg set et par borgerlige blæse til alarm, og opfordre regeringen til at forberede et økonomisk beredskab til at håndtere efterspørgselsvirkninger af Corona-virus, gerne med skattelettelser. De kan m. fordel læse @SteenBocian's leder i dag. #dkpol",0,6,2,1233319841777553408,https://twitter.com/frlass/status/1233319841777553408,479764159,2020-02-28 09:15:38+00:00,Fri Feb 28 09:15:38 +0000 2020,#dkpol,@SteenBocian,,https://borsen.dk/nyheder/opinion/artikel/1/396830/boersen_mener_corona-skraek_maa_ikke_lede_til_oekonomisk_panikpolitik.html?utm_source=forside&utm_campaign=nyhed_10
41,HakonRedder,,"Opdatering på antal døde fra Coronavirus: Fra 2810 i går til 2158 i dag. Harmonerer det med de enorme aktiefald ? Nej, men frygten for det ukendte hersker. Og meget går i stå. Nestlé, med 342.000 ansatte har stopper alle internationale flyvninger",0,3,0,1233318521532223488,https://twitter.com/HakonRedder/status/1233318521532223488,1490470273,2020-02-28 09:10:24+00:00,Fri Feb 28 09:10:24 +0000 2020,,,,
42,MichaelsMedie,,"Inden angrebene på #dkmedier's sensationalisering af coronavirus griber om sig, vil jeg blot tilføje, at @KarinWahlJ, der forsker i den internationale dækning af corona, i @MediaWatchTweet's nye podcast 'Q&amp;co.' kalder den danske dækning ""nøgtern."" Det var det hele. God fredag!",0,2,0,1233317344631541760,https://twitter.com/MichaelsMedie/status/1233317344631541760,1376844930,2020-02-28 09:05:43+00:00,Fri Feb 28 09:05:43 +0000 2020,#dkmedier,@KarinWahlJ @MediaWatchTweet,,
43,asbjoernwilliam,Henningkp,"Hej Henning, to spørgsmål: Hvad er klimatosseriet? Og hvad ville gevinsten være, hvis det blev bekæmpet?",0,1,0,1233315785814237184,https://twitter.com/asbjoernwilliam/status/1233315785814237184,1344921379,2020-02-28 08:59:31+00:00,Fri Feb 28 08:59:31 +0000 2020,,,,
44,DanishFurryGame,,TV Anime The Misfit of Demon King Academy Delays Premiere from April to July Due to Coronavirus http://j.mp/387hHF5,1,0,0,1233315672316268546,https://twitter.com/DanishFurryGame/status/1233315672316268546,3199216792,2020-02-28 08:59:04+00:00,Fri Feb 28 08:59:04 +0000 2020,,,,http://j.mp/387hHF5
45,hamrahshowaziz,,#Iran Can’t Be Trusted to Deal With #Coronavirus https://bloomberg.com/opinion/articles/2020-02-27/iran-can-t-be-trusted-to-contain-the-coronavirus,0,0,0,1233313606151917568,https://twitter.com/hamrahshowaziz/status/1233313606151917568,1166724223,2020-02-28 08:50:52+00:00,Fri Feb 28 08:50:52 +0000 2020,#Iran #Coronavirus,,,https://bloomberg.com/opinion/articles/2020-02-27/iran-can-t-be-trusted-to-contain-the-coronavirus
46,hamrahshowaziz,,"@AlArabiya_Eng #NewZealand confirms its first #coronavirus case, saying a recent arrival from #Iran who traveled to #Auckland via #Bali had tested positive.#COVID_19 https://english.alarabiya.net/en/News/world/2020/02/28/New-Zealand-confirms-first-case-of-deadly-coronavirus-in-traveler-from-Iran-.html",0,0,0,1233313563101597696,https://twitter.com/hamrahshowaziz/status/1233313563101597696,1166724223,2020-02-28 08:50:41+00:00,Fri Feb 28 08:50:41 +0000 2020,#NewZealand #coronavirus #Iran #Auckland #Bali #COVID_19,@AlArabiya_Eng,,https://english.alarabiya.net/en/News/world/2020/02/28/New-Zealand-confirms-first-case-of-deadly-coronavirus-in-traveler-from-Iran-.html
47,hamrahshowaziz,,New Zealand limits entry of travelers from #Iran on #coronavirus fears ,0,0,0,1233313512132431877,https://twitter.com/hamrahshowaziz/status/1233313512132431877,1166724223,2020-02-28 08:50:29+00:00,Fri Feb 28 08:50:29 +0000 2020,#Iran #coronavirus,,,https://reut.rs/3chYQtW
48,hamrahshowaziz,,"A.Schallenberg @MFA_Austria, who visited #Iran last week to visit Rouhani due to #CoronaVirus symptoms at a quarantined hospital! do not trade W/The mullahs, look how they treat Iranian ppl #CoronavirusIran&amp;Natural Disasters @SecPompeo @JosepBorrellF",0,1,0,1233313434755792897,https://twitter.com/hamrahshowaziz/status/1233313434755792897,1166724223,2020-02-28 08:50:11+00:00,Fri Feb 28 08:50:11 +0000 2020,#Iran #CoronaVirus #CoronavirusIran,@MFA_Austria @SecPompeo @JosepBorrellF,,https://heute.at/s/corona-verdacht-bei-schallenberg-delegation-44931807
49,hamrahshowaziz,,#Iran #coronavirus گزارشی ازویروس کرونا و گسترش آن در #ایران: لس آنجلس تایمز:‌ایران به نقطة کانونی #ویروس‌کرونا درخاورمیانه تبدیل شده است عربستان سعودی برای جلوگیری از شیوع کرونا،حج عمره رالغو کرد،‌اما رژیم آخوندها به هیچ اقدام جدی پیشگیرانه دست نمی زند,0,0,0,1233313346755137536,https://twitter.com/hamrahshowaziz/status/1233313346755137536,1166724223,2020-02-28 08:49:50+00:00,Fri Feb 28 08:49:50 +0000 2020,#Iran #coronavirus,,,
50,hamrahshowaziz,,"#Urgent action to #FreeAllProtesters The int'l comnty. faces an outlawed rgm in #Iran that abides by no principle except to maintain its rule. #Coronavirus spread in Iranian prisons,Inhumane action to eliminate opponents.@WHO @antonioguterres @MBachelet",0,0,0,1233313204325027845,https://twitter.com/hamrahshowaziz/status/1233313204325027845,1166724223,2020-02-28 08:49:16+00:00,Fri Feb 28 08:49:16 +0000 2020,#Urgent #FreeAllProtesters #Iran #Coronavirus,@WHO @antonioguterres @mbachelet,,
51,hamrahshowaziz,,"#Iran said on Thursday its death toll from #coronavirus had risen to 26 and the total number of infected people now stood at 245, the highest number of deaths from the virus outside China. #CoronaVirusUpdates #coronavirusIran",0,1,0,1233312938997493760,https://twitter.com/hamrahshowaziz/status/1233312938997493760,1166724223,2020-02-28 08:48:13+00:00,Fri Feb 28 08:48:13 +0000 2020,#Iran #coronavirus #CoronaVirusUpdates #coronavirusIran,,,https://reut.rs/3abrDyM
52,hamrahshowaziz,,@womenncri-.@MSF_USA Please urge the mullahs’ regime in #Iran to put all medical resources at the disposal of physicians and nurses in different cities to enable them to attend to those suffering from #coronavirus and to cure them.#COVID2019 .@WHO,0,0,0,1233312840129404929,https://twitter.com/hamrahshowaziz/status/1233312840129404929,1166724223,2020-02-28 08:47:49+00:00,Fri Feb 28 08:47:49 +0000 2020,#Iran #coronavirus #COVID2019,@womenncri @MSF_USA @WHO,,https://women.ncr-iran.org/2020/02/23/coronavirus-kills-at-least-one-woman-in-saveh/
53,hamrahshowaziz,,"Latest News in Brief - Feb27, 2020 -#Iranian prisoners suspected of contracting the #coronavirus -Local reports: #Iran's #Covid_19 fatalities and infections are alarming.#CoronaVirusIran .@WHO #FreeIran2020",1,1,0,1233312642120536065,https://twitter.com/hamrahshowaziz/status/1233312642120536065,1166724223,2020-02-28 08:47:02+00:00,Fri Feb 28 08:47:02 +0000 2020,#Iranian #coronavirus #Iran #Covid_19 #CoronaVirusIran #FreeIran2020,@WHO,,https://ncr-iran.org/en/news/iran-protests/27465-latest-news-in-brief-february-27-2020
54,hamrahshowaziz,,"Elham Sheikhi, 23, member of #Iran’s #futsal team, died of #coronavirus in #Qom Condolences for loss of Elham as first Iranian athlete to die #COVIDー19&amp;others who are victims of rgm's lack of transparency on spread&amp;failure to take necessary measures ,, https://twitter.com/womenncri/status/1233075440170029056/photo/1",0,0,0,1233312600890449923,https://twitter.com/hamrahshowaziz/status/1233312600890449923,1166724223,2020-02-28 08:46:52+00:00,Fri Feb 28 08:46:52 +0000 2020,#Iran #futsal #coronavirus #Qom #COVID,,,https://twitter.com/womenncri/status/1233075440170029056/photo/1
55,hamrahshowaziz,,"RT.@womenncri- .@UEFAFutsal Did you know #covid19iran infection kills national #futsal player Elham Sheikhi in Qom, #Iran? #coronavirus #coronavirusIran .@who https://women.ncr-iran.org/2020/02/27/covid-19-infection-kills-national-futsal-player-elham-sheikhi-in-qom/",0,0,0,1233312561166241792,https://twitter.com/hamrahshowaziz/status/1233312561166241792,1166724223,2020-02-28 08:46:43+00:00,Fri Feb 28 08:46:43 +0000 2020,#covid19iran #futsal #Iran #coronavirus #coronavirusIran,@womenncri @UEFAFutsal @WHO,,https://women.ncr-iran.org/2020/02/27/covid-19-infection-kills-national-futsal-player-elham-sheikhi-in-qom/
56,Foghsgaard,,"Se hvordan coronavirus sniger sig ind i lungeceller, laver vores krop om til en virusfabrik og fremkalder alt fra mild forkølelse til slem influenza @politiken #dkvid @SSI_dk #CoronavirusOutbreak #COVID2019",1,4,1,1233312552056246273,https://twitter.com/Foghsgaard/status/1233312552056246273,50761497,2020-02-28 08:46:40+00:00,Fri Feb 28 08:46:40 +0000 2020,#dkvid #CoronavirusOutbreak #COVID2019,@politiken @SSI_dk,,https://politiken.dk/del/FgljEVAALT3A
57,hamrahshowaziz,,"Rt.@iran_policy-As Natural Disasters Continue in #Iran, Regime Continues Its Inaction https://ncr-iran.org/en/news/society/27469-as-natural-disasters-continue-in-iran-regime-continues-its-inaction #FreeIran2020 #coronavirus #CoronavirusIran #IranRegimeChange",1,1,0,1233311552419377152,https://twitter.com/hamrahshowaziz/status/1233311552419377152,1166724223,2020-02-28 08:42:42+00:00,Fri Feb 28 08:42:42 +0000 2020,#Iran #FreeIran2020 #coronavirus #CoronavirusIran #IranRegimeChange,@iran_policy,,https://ncr-iran.org/en/news/society/27469-as-natural-disasters-continue-in-iran-regime-continues-its-inaction
58,hamrahshowaziz,,".@latimes wrote ""#Iran became a hot zone for #coronavirus in the #MiddleEast"" ..and yet regime continues to cover-up the scope of #COVID19 spread in Iran and has prevented @WHO delegation from entering Iran. https://women.ncr-iran.org/2020/02/27/covid-19-infection-kills-national-futsal-player-elham-sheikhi-in-qom/",0,0,0,1233311376447352832,https://twitter.com/hamrahshowaziz/status/1233311376447352832,1166724223,2020-02-28 08:42:00+00:00,Fri Feb 28 08:42:00 +0000 2020,#Iran #coronavirus #MiddleEast #COVID19,@latimes @WHO,,https://women.ncr-iran.org/2020/02/27/covid-19-infection-kills-national-futsal-player-elham-sheikhi-in-qom/
59,hamrahshowaziz,,"#Iran #news in brief, Feb 27, 2020 https://youtu.be/UFY7Gdn7EzY via @YouTube #CoronaVirusIran #coronavirus #1988Massacre #CrimesAgainstHumanity #خامنه‌ای_عامل_ویرانی #سپاه_عامل_جنایت #40YearsOfFailure #ایران #IranProtests #WeSupportMEK #Humanrights #FreeIran2020",1,2,0,1233311335221469184,https://twitter.com/hamrahshowaziz/status/1233311335221469184,1166724223,2020-02-28 08:41:50+00:00,Fri Feb 28 08:41:50 +0000 2020,#Iran #news #CoronaVirusIran #coronavirus #1988Massacre #CrimesAgainstHumanity #40YearsOfFailure #IranProtests #WeSupportMEK #Humanrights #FreeIran2020,@YouTube,,https://youtu.be/UFY7Gdn7EzY
60,_sararud,,"16 procent øldrikkende amerikanere har været i tvivl om, hvorvidt Corona-øl og coronavirus havde en sammenhæng... Den lader jeg lige stå lidt... https://www.prnewswire.com/news-releases/5wpr-survey-reveals-38-of-beer-drinking-americans-wouldnt-buy-corona-now-301012225.html #coronavirus",0,3,0,1233304257807470593,https://twitter.com/_sararud/status/1233304257807470593,492387704,2020-02-28 08:13:43+00:00,Fri Feb 28 08:13:43 +0000 2020,#coronavirus,,,https://www.prnewswire.com/news-releases/5wpr-survey-reveals-38-of-beer-drinking-americans-wouldnt-buy-corona-now-301012225.html
61,SteffenWM,,"Kim Fournais skriver i dag i @berlingske, at frygten for coronavirus kan starte en lavine i de finansielle markeder. Negative renter, stor gæld og opbygget risiko er en farlig cocktail og alle bør arbejde mere med risikostyring #dkfinans #dkpol",0,2,1,1233301707490242561,https://twitter.com/SteffenWM/status/1233301707490242561,755694122,2020-02-28 08:03:35+00:00,Fri Feb 28 08:03:35 +0000 2020,#dkfinans #dkpol,@berlingske,,https://www.berlingske.dk/kronikker/kim-fournais-corona-kan-true-den-finansielle-stabilitet
62,silindsoftware,nixcraft,The coronavirus official reached Denmark! We need to be prepared! ,0,1,1,1233301203376902144,https://twitter.com/silindsoftware/status/1233301203376902144,875776212341329920,2020-02-28 08:01:35+00:00,Fri Feb 28 08:01:35 +0000 2020,,,,https://twitter.com/nixcraft/status/1233297175913779203
63,SuneHein,,Germany eyes tax breaks to counter coronavirus impact ,7,4,0,1233296845071437824,https://twitter.com/SuneHein/status/1233296845071437824,422453897,2020-02-28 07:44:16+00:00,Fri Feb 28 07:44:16 +0000 2020,,,,https://reut.rs/3abhYIe
64,ulriklykke,alimanfoo,It's easy to be both naive and over-cautious about the spread of coronavirus. Check out these great tips from Malaria-researcher Alistair Miles: ,0,0,0,1233295866322128896,https://twitter.com/ulriklykke/status/1233295866322128896,206786267,2020-02-28 07:40:22+00:00,Fri Feb 28 07:40:22 +0000 2020,,,,https://twitter.com/alimanfoo/status/1232693018295250946
65,SteveGPickering,,"""It will cost something to reduce mobility in the short term, but failure to do so will cost eventually cost everything"" #coronavirus #COVID",1,0,0,1233292513773051904,https://twitter.com/SteveGPickering/status/1233292513773051904,60674916,2020-02-28 07:27:03+00:00,Fri Feb 28 07:27:03 +0000 2020,#coronavirus #COVID,,,
66,ClausDZMoeller,,"Hvis ikke Coronavirus tingen - meget snart bliver inddæmmet = indenfor 45 dage! Bliver #EURO2020 AFLYST! Tankevækkende at der er så få tilfælde af Covid-19 i - Østeuropa... Og #EURO2020 skal afholdes i 12 byer - heriblandt Baku, Skt. Petersburg, Budapest, Bukarest...",0,0,1,1233287853997805571,https://twitter.com/ClausDZMoeller/status/1233287853997805571,467452551,2020-02-28 07:08:32+00:00,Fri Feb 28 07:08:32 +0000 2020,#EURO2020 #EURO2020,,,
67,Dejligedays,,Will you be the vicar or the squire? Has Britain become too selfish to cope with coronavirus? | Coronavirus outbreak | The Guardian ,0,0,0,1233287585675513857,https://twitter.com/Dejligedays/status/1233287585675513857,2969872763,2020-02-28 07:07:28+00:00,Fri Feb 28 07:07:28 +0000 2020,,,,https://www.theguardian.com/commentisfree/2020/feb/28/coronovirus-test-wellbeing-herd-vaccination
68,Heeger,,"Star Economist Roubini on the Economic Effects of Coronavirus: ""This Crisis Will Spill Over and Result in a Disaster"" https://www.spiegel.de/international/business/nouriel-roubini-on-coronavirus-this-crisis-will-spill-over-and-result-in-a-disaster-a-e811cf3b-d495-4c52-bf79-d872c8f164ac via @derspiegel",1,3,0,1233287033528967168,https://twitter.com/Heeger/status/1233287033528967168,25831306,2020-02-28 07:05:16+00:00,Fri Feb 28 07:05:16 +0000 2020,,@derspiegel,,https://www.spiegel.de/international/business/nouriel-roubini-on-coronavirus-this-crisis-will-spill-over-and-result-in-a-disaster-a-e811cf3b-d495-4c52-bf79-d872c8f164ac
69,Dejligedays,,Coronavirus: The everyday precautions you can take to stay safe in France (or anywhere) - The Local ,1,1,0,1233286082135023616,https://twitter.com/Dejligedays/status/1233286082135023616,2969872763,2020-02-28 07:01:29+00:00,Fri Feb 28 07:01:29 +0000 2020,,,,https://www.thelocal.fr/20200227/coronavirus-the-everyday-precautions-you-can-take-to-stay-safe-in-france
70,ks_pedersen,,"Coronaudbruddet dækkes massivt af medierne verden over, og den voldsomme og kontinuerlige eksponering er med til at skabe unødig frygt. #coronavirus ",0,0,0,1233283226472472581,https://twitter.com/ks_pedersen/status/1233283226472472581,268419531,2020-02-28 06:50:09+00:00,Fri Feb 28 06:50:09 +0000 2020,#coronavirus,,,https://www.berlingske.dk/kommentatorer/laege-den-voldsomme-mediedaekning-slaar-coronafrygten-ud-af
71,DonBananMike,,"Coronavirus er selvfølgelig seriøs, og ikke noget man ønsker. Men som far til tre på tre år og under, lyder to ugers isolation ganske tiltalende",0,0,0,1233281604618985473,https://twitter.com/DonBananMike/status/1233281604618985473,2978335185,2020-02-28 06:43:42+00:00,Fri Feb 28 06:43:42 +0000 2020,,,,
72,politiken,,Professor om alvorlige fejl i håndtering af coronavirus: »Det er Italiens problem. Men det er også resten af Europas problem nu« ,0,0,0,1233280454410850309,https://twitter.com/politiken/status/1233280454410850309,14930764,2020-02-28 06:39:08+00:00,Fri Feb 28 06:39:08 +0000 2020,,,,https://politiken.dk/udland/art7678791/%C2%BBDet-er-Italiens-problem.-Men-det-er-ogs%C3%A5-resten-af-Europas-problem-nu%C2%AB
73,asbjoernwilliam,,TANKEEKSPERIMENT Hvad nu hvis verdens lande lige så intensivt bekæmpede klimaforandringerne som de lige nu bekæmper #coronavirus #COVID19 ? #dkgreen #ClimateEmergency,9,24,8,1233280178438180866,https://twitter.com/asbjoernwilliam/status/1233280178438180866,1344921379,2020-02-28 06:38:02+00:00,Fri Feb 28 06:38:02 +0000 2020,#coronavirus #COVID19 #dkgreen #ClimateEmergency,,,
74,_halefa_,erinbiba,"""Specifically, if 60% rather than 20% of air travelers maintained clean hands, it could slow down the spread of infections by almost 70%, according to the researchers."" #coronavirus #COVID19",2,5,0,1233280170523529218,https://twitter.com/_halefa_/status/1233280170523529218,429785395,2020-02-28 06:38:00+00:00,Fri Feb 28 06:38:00 +0000 2020,#coronavirus #COVID19,,,https://twitter.com/erinbiba/status/1233102259602558977
75,johnjhardy,,"U.S. Health Workers Responding to Coronavirus Lacked Training and Protective Gear, Whistle-Blower Says ",0,2,0,1233275827640578048,https://twitter.com/johnjhardy/status/1233275827640578048,214419100,2020-02-28 06:20:45+00:00,Fri Feb 28 06:20:45 +0000 2020,,,,https://nyti.ms/2T6fGon
76,Catuvolcus,,Coronavirus found in sub-Saharan Africa as WHO says spread could 'get out of control' ,1,1,0,1233275131247710208,https://twitter.com/Catuvolcus/status/1233275131247710208,24189610,2020-02-28 06:17:59+00:00,Fri Feb 28 06:17:59 +0000 2020,,,,https://www.theguardian.com/world/2020/feb/28/coronavirus-found-in-sub-saharan-africa-as-who-says-spread-could-get-out-of-control
77,tv2newsdk,,Hund testet 'svagt positiv' for coronavirus http://nyheder.tv2.dk/2020-02-28-hund-testet-svagt-positiv-for-coronavirus?cid=_soco%3Atw%3A4%3Anews%3A%3A%3A,2,4,4,1233274017898881026,https://twitter.com/tv2newsdk/status/1233274017898881026,44584428,2020-02-28 06:13:33+00:00,Fri Feb 28 06:13:33 +0000 2020,,,,http://nyheder.tv2.dk/2020-02-28-hund-testet-svagt-positiv-for-coronavirus?cid=_soco%3Atw%3A4%3Anews%3A%3A%3A
78,KashifAhmadDK,,Corona virus er kommet til Danmark og det bliver sikkert en epidemi i Danmark. Vi har jo maskeringsforbud og tvungne håndtryk. Det går helt galt og vi kommer alle sammen til at dø - men det bliver i fædrelandets tjeneste. #,5,26,0,1233270161265897473,https://twitter.com/KashifAhmadDK/status/1233270161265897473,2484570522,2020-02-28 05:58:14+00:00,Fri Feb 28 05:58:14 +0000 2020,,,,
79,moelhoej,,"Rigtig god dag til alle som arbejder på TV2 @tv2newsdk @tv2nyhederne @tv2danmark #tv2 #dkpol #COVIDー19 #coronavirus Coronavirus har nu bredt sig til Danmark og adskillige lande i Europa. Det har fået konsekvenser for sportsbegivenheder,... ",1,1,0,1233269222492471297,https://twitter.com/moelhoej/status/1233269222492471297,60563971,2020-02-28 05:54:30+00:00,Fri Feb 28 05:54:30 +0000 2020,#tv2 #dkpol #COVID #coronavirus,@tv2newsdk @tv2nyhederne @tv2danmark,,https://www.berlingske.dk/internationalt/liveblog-foerste-dansker-er-smittet-med-coronavirus-efter-skitur
80,ClausWachmann,WordswithSteph,CPAC has the highest moron-density in the known universe #MoronInChief #MoronAVirus #coronavirus #Resist,0,0,0,1233262554052517889,https://twitter.com/ClausWachmann/status/1233262554052517889,340225095,2020-02-28 05:28:00+00:00,Fri Feb 28 05:28:00 +0000 2020,#MoronInChief #MoronAVirus #coronavirus #Resist,,,https://twitter.com/WordswithSteph/status/1233068796971307008
81,Catuvolcus,,"China’s coronavirus epidemic shows strengths, flaws of one country, one system https://www.scmp.com/news/china/politics/article/3052769/chinas-coronavirus-epidemic-shows-strengths-flaws-one-country via @scmpnews",0,0,0,1233261913603268609,https://twitter.com/Catuvolcus/status/1233261913603268609,24189610,2020-02-28 05:25:27+00:00,Fri Feb 28 05:25:27 +0000 2020,,@SCMPNews,,https://www.scmp.com/news/china/politics/article/3052769/chinas-coronavirus-epidemic-shows-strengths-flaws-one-country
82,Danisco,,We are ready to ship out 6080 packs of HOWARU® #probiotics for the front-line health care workers in Wuhan! #DuPont is proud to be able to support and work with the Chinese Red Cross Foundation @CRCFChn in this crucial period. Together we can fight #coronavirus. #COVID19,1,5,0,1233255523555926016,https://twitter.com/Danisco/status/1233255523555926016,24148874,2020-02-28 05:00:04+00:00,Fri Feb 28 05:00:04 +0000 2020,#probiotics #DuPont #coronavirus #COVID19,@CRCFChn,,
83,moelhoej,,"Mens antallet af nye smittetilfælde fortsat daler i Kina, har Sydkorea nu over 2000 smittede med coronavirus. ",1,1,0,1233252526411128834,https://twitter.com/moelhoej/status/1233252526411128834,60563971,2020-02-28 04:48:09+00:00,Fri Feb 28 04:48:09 +0000 2020,,,,https://nyheder.tv2.dk/udland/2020-02-28-i-kina-stiger-bekymringen-for-smittespredning-fra-andre-lande
84,MikkelRosendal,,DR er gået i højeste beredskab. #COVID19 #coronavirus ,0,3,0,1233252046616305664,https://twitter.com/MikkelRosendal/status/1233252046616305664,600572940,2020-02-28 04:46:15+00:00,Fri Feb 28 04:46:15 +0000 2020,#COVID19 #coronavirus,,,
85,MasoudDara,,BREAKING: First coronavirus case officially confirmed for the Netherlands #covid-19 https://dutchreview.com/expat/health/breaking-first-coronavirus-case-officially-confirmed-for-the-netherlands/ via @dutchreviewing,1,1,0,1233244177695158272,https://twitter.com/MasoudDara/status/1233244177695158272,528608785,2020-02-28 04:14:59+00:00,Fri Feb 28 04:14:59 +0000 2020,#covid,@Dutchreviewing,,https://dutchreview.com/expat/health/breaking-first-coronavirus-case-officially-confirmed-for-the-netherlands/
86,ClausWachmann,CIAegis,"It's in Danish, discussing the first coronavirus incident in Denmark. It's not the end of the world, but do take care!",0,0,0,1233242353579831297,https://twitter.com/ClausWachmann/status/1233242353579831297,340225095,2020-02-28 04:07:44+00:00,Fri Feb 28 04:07:44 +0000 2020,,,,
87,IbsenMalte,,The extent to which Trump’s #coronavirus crisis response manages to combine vicious cruelty with endless stupidity truly boggles the mind ,1,6,0,1233192354053488643,https://twitter.com/IbsenMalte/status/1233192354053488643,502422530,2020-02-28 00:49:03+00:00,Fri Feb 28 00:49:03 +0000 2020,#coronavirus,,,https://nymag.com/intelligencer/2020/02/trump-administration-coronavirus-budget-response.html
88,DanishFurryGame,,14th Seiyu Awards Ceremony Cancelled in Wake of Coronavirus Spread http://j.mp/32CSpxd,1,0,0,1233180166475538432,https://twitter.com/DanishFurryGame/status/1233180166475538432,3199216792,2020-02-28 00:00:37+00:00,Fri Feb 28 00:00:37 +0000 2020,,,,http://j.mp/32CSpxd
89,juliovacacelaMD,,"Las autoridades danesas han optado por ampliar de dos a seis la cantidad de hospitales que pueden aceptar infectados con coronavirus. Además, los criterios para sospechar una infección han cambiado. Inicialmente, solo Aarhus y Hvidovre analizaban los posibles casos. ",0,2,0,1233176936278564866,https://twitter.com/juliovacacelaMD/status/1233176936278564866,1117923247872446464,2020-02-27 23:47:47+00:00,Thu Feb 27 23:47:47 +0000 2020,,,,
90,grev2000,colsen38,"Havde normalt sagt Inter, men ikke med den aktuelle Coronavirus-situation. Men Man United, Wolverhampton, Sevilla, Frankfurt, Roma eller Rangers kunne alle sammen være fede",0,0,0,1233175792907169792,https://twitter.com/grev2000/status/1233175792907169792,819535266612387840,2020-02-27 23:43:14+00:00,Thu Feb 27 23:43:14 +0000 2020,,,,
91,juliovacacelaMD,,"El periodista danés afectado por el coronavirus se conectó con el canal de TV donde trabaja desde su domicilio, donde cumple la cuarentena: ""El SMS de confirmación me llegó a las 2 de la madrugada. Desde entonces no duermo. Estoy realmente cansado"". ",0,2,1,1233174990280941570,https://twitter.com/juliovacacelaMD/status/1233174990280941570,1117923247872446464,2020-02-27 23:40:03+00:00,Thu Feb 27 23:40:03 +0000 2020,,,,
92,PSkaaning,colsen38,I dag spillede Inter for tomme tribuner grundet coronavirus. Er der ikke en lille risiko for sådan noget kan fortsætte?,0,0,2,1233171869425074176,https://twitter.com/PSkaaning/status/1233171869425074176,110676255,2020-02-27 23:27:39+00:00,Thu Feb 27 23:27:39 +0000 2020,,,,
93,deborah_dk,,"Coronavirus: Mindt seks danskere skal i 14-dages isolation https://180grader.dk/sektioner/nyheder/europa/artikel/coronavirus-mindt-seks-danskere-skal-i-14-dages-isolation . #coronavirus,#danskere,#Tenerife,#italienskgæst,#isolation,#rejser,#ingensymptomer,#helbred,#sundhed,#virus ",0,0,0,1233169199331184640,https://twitter.com/deborah_dk/status/1233169199331184640,177951093,2020-02-27 23:17:02+00:00,Thu Feb 27 23:17:02 +0000 2020,#coronavirus #danskere #Tenerife #italienskg #isolation #rejser #ingensymptomer #helbred #sundhed #virus,,,https://180grader.dk/sektioner/nyheder/europa/artikel/coronavirus-mindt-seks-danskere-skal-i-14-dages-isolation
94,elladahlj,,Sygdomsudbrud retfærdiggør ikke på nogen måde racisme. Det var ikke okay da Ebola hærgede i 2014 Og det er IKKE okay nu. #coronavirus #stopracisme,0,0,0,1233167387182145542,https://twitter.com/elladahlj/status/1233167387182145542,921340644634890242,2020-02-27 23:09:50+00:00,Thu Feb 27 23:09:50 +0000 2020,#coronavirus #stopracisme,,,
95,juliovacacelaMD,,"El director de la Junta Nacional de Salud de Dinamarca, Søren Brostrøm, insiste que la gran mayoría de los pacientes de coronavirus tienen síntomas leves, pero las personas mayores y con otras enfermedades pueden complicarse. Se esperan más casos en los próximos días y semanas. ",1,2,1,1233167363513683968,https://twitter.com/juliovacacelaMD/status/1233167363513683968,1117923247872446464,2020-02-27 23:09:45+00:00,Thu Feb 27 23:09:45 +0000 2020,,,,
96,juliovacacelaMD,,Dinamarca confirma su primer caso de #coronavirus: Un periodista televisivo estuvo de vacaciones en el norte de Italia con su mujer e hijo y regresó el lunes. Desarrolló síntomas muy pronto y está en cuarentena domiciliaria. Su mujer e hijo dieron negativo. ,11,13,1,1233166002092937217,https://twitter.com/juliovacacelaMD/status/1233166002092937217,1117923247872446464,2020-02-27 23:04:20+00:00,Thu Feb 27 23:04:20 +0000 2020,#coronavirus,,,
97,Halunk2,,- Vi har vaccine om få uger.... #coronavirus #coronavirusdk #dkpol,0,0,0,1233164874395607040,https://twitter.com/Halunk2/status/1233164874395607040,826032582978568192,2020-02-27 22:59:51+00:00,Thu Feb 27 22:59:51 +0000 2020,#coronavirus #coronavirusdk #dkpol,,,https://bit.ly/2wMt48a
98,SteveGPickering,,"Trump on #coronavirus: The risk to Americans remains very low. I will retweet this in a month, to see how he called it. https://youtu.be/scx14m7K7cI via @YouTube",0,0,0,1233159722498502656,https://twitter.com/SteveGPickering/status/1233159722498502656,60674916,2020-02-27 22:39:23+00:00,Thu Feb 27 22:39:23 +0000 2020,#coronavirus,@YouTube,,https://youtu.be/scx14m7K7cI
99,DahnielOsuna,ReinaFifi,"Amiga, soy ultra súper tetra #ANTIAMLO, pero dudo mucho que se venga el fin del mundo si permiten que llegue el barco. Al #Coronavirus los están manejando como si fuese la #pestebubonica y la verdad, ni al caso. Si se muere la mitad del país, entonces si, rayenmela !",0,0,0,1233159234998521856,https://twitter.com/DahnielOsuna/status/1233159234998521856,2254313504,2020-02-27 22:37:27+00:00,Thu Feb 27 22:37:27 +0000 2020,#ANTIAMLO #Coronavirus #pestebubonica,,,
